"","Id","Date","METMean","METMedian","METMin","METMax","METRange"
"1",1503960366,2016-04-12,17.5284722222222,12,10,99,89
"2",1503960366,2016-04-13,15.8743055555556,10,10,111,101
"3",1503960366,2016-04-14,15.6868055555556,12,10,97,87
"4",1503960366,2016-04-15,15.4097222222222,10,10,97,87
"5",1503960366,2016-04-16,16.4541666666667,10,10,103,93
"6",1503960366,2016-04-17,15.2583333333333,10,10,95,85
"7",1503960366,2016-04-18,16.9673611111111,12,10,107,97
"8",1503960366,2016-04-19,17.9743055555556,12,10,109,99
"9",1503960366,2016-04-20,15.775,12,10,84,74
"10",1503960366,2016-04-21,15.6784722222222,12,10,103,93
"11",1503960366,2016-04-22,16.1402777777778,10,10,93,83
"12",1503960366,2016-04-23,17.2125,10,10,80,70
"13",1503960366,2016-04-24,15.7958333333333,10,10,93,83
"14",1503960366,2016-04-25,17.775,12,10,95,85
"15",1503960366,2016-04-26,17.4,12,10,93,83
"16",1503960366,2016-04-27,19.0631944444444,12,10,97,87
"17",1503960366,2016-04-28,16.7645833333333,12,10,103,93
"18",1503960366,2016-04-29,16.2256944444444,12,10,99,89
"19",1503960366,2016-04-30,17.1965277777778,10,10,88,78
"20",1503960366,2016-05-01,16.1680555555556,10,10,95,85
"21",1503960366,2016-05-02,17.8159722222222,12,10,105,95
"22",1503960366,2016-05-03,17.6923611111111,12,10,93,83
"23",1503960366,2016-05-04,16.1715277777778,12,10,101,91
"24",1503960366,2016-05-05,17.4180555555556,12,10,105,95
"25",1503960366,2016-05-06,16.8555555555556,12,10,107,97
"26",1503960366,2016-05-07,16.1881944444444,10,10,99,89
"27",1503960366,2016-05-08,15.46875,10,10,97,87
"28",1503960366,2016-05-09,16.1729166666667,10,10,93,83
"29",1503960366,2016-05-10,16.5263888888889,12,10,93,83
"30",1503960366,2016-05-11,17.502380952381,12,10,101,91
"31",1624580081,2016-04-12,11.9680555555556,10,10,72,62
"32",1624580081,2016-04-13,11.7986111111111,10,10,82,72
"33",1624580081,2016-04-14,13.1375,10,10,74,64
"34",1624580081,2016-04-15,11.2319444444444,10,10,66,56
"35",1624580081,2016-04-16,12.2319444444444,10,10,72,62
"36",1624580081,2016-04-17,12.9902777777778,10,10,86,76
"37",1624580081,2016-04-18,13.4083333333333,10,10,79,69
"38",1624580081,2016-04-19,11.9958333333333,10,10,84,74
"39",1624580081,2016-04-20,12.0847222222222,10,10,104,94
"40",1624580081,2016-04-21,12.2569444444444,10,0,102,102
"41",1624580081,2016-04-22,12.2916666666667,10,10,66,56
"42",1624580081,2016-04-23,13.0611111111111,10,10,84,74
"43",1624580081,2016-04-24,13.5138888888889,10,10,88,78
"44",1624580081,2016-04-25,12.4722222222222,10,10,54,44
"45",1624580081,2016-04-26,11.7180555555556,10,10,50,40
"46",1624580081,2016-04-27,13.9569444444444,10,10,74,64
"47",1624580081,2016-04-28,11.7152777777778,10,10,84,74
"48",1624580081,2016-04-29,11.7361111111111,10,10,52,42
"49",1624580081,2016-04-30,13.8347222222222,10,10,87,77
"50",1624580081,2016-05-01,22.4861111111111,10,10,107,97
"51",1624580081,2016-05-02,12.5111111111111,10,10,87,77
"52",1624580081,2016-05-03,11.15,10,10,42,32
"53",1624580081,2016-05-04,11.4388888888889,10,10,54,44
"54",1624580081,2016-05-05,11.4555555555556,10,10,60,50
"55",1624580081,2016-05-06,11.2083333333333,10,10,52,42
"56",1624580081,2016-05-07,12.3180555555556,10,10,72,62
"57",1624580081,2016-05-08,11.9277777777778,10,10,48,38
"58",1624580081,2016-05-09,11.1027777777778,10,10,42,32
"59",1624580081,2016-05-10,11.6430555555556,10,10,44,34
"60",1624580081,2016-05-11,11.3569444444444,10,10,42,32
"61",1624580081,2016-05-12,12.0083333333333,10,10,56,46
"62",1644430081,2016-04-12,15.8111111111111,10,10,76,66
"63",1644430081,2016-04-13,14.3444444444444,10,10,82,72
"64",1644430081,2016-04-14,15.9444444444444,10,10,76,66
"65",1644430081,2016-04-15,13.5916666666667,10,10,80,70
"66",1644430081,2016-04-16,17.2638888888889,10,10,80,70
"67",1644430081,2016-04-17,14.8791666666667,10,10,78,68
"68",1644430081,2016-04-18,13.8694444444444,10,10,76,66
"69",1644430081,2016-04-19,16.0819444444444,10,10,78,68
"70",1644430081,2016-04-20,12.0097222222222,10,10,70,60
"71",1644430081,2016-04-21,10.5777777777778,10,10,72,62
"72",1644430081,2016-04-22,11.5847222222222,10,10,78,68
"73",1644430081,2016-04-23,13.2305555555556,10,10,66,56
"74",1644430081,2016-04-24,11.9277777777778,10,10,78,68
"75",1644430081,2016-04-25,12.3416666666667,10,10,78,68
"76",1644430081,2016-04-26,15.4333333333333,10,10,72,62
"77",1644430081,2016-04-27,12.3027777777778,10,10,76,66
"78",1644430081,2016-04-28,15.3625,10,10,72,62
"79",1644430081,2016-04-29,12.3444444444444,10,10,72,62
"80",1644430081,2016-04-30,19.0069444444444,12,10,74,64
"81",1644430081,2016-05-01,13.3236111111111,10,10,76,66
"82",1644430081,2016-05-02,12.5333333333333,10,10,76,66
"83",1644430081,2016-05-03,16.4111111111111,10,10,78,68
"84",1644430081,2016-05-04,10.9847222222222,10,10,78,68
"85",1644430081,2016-05-05,12.1756944444444,10,10,81,71
"86",1644430081,2016-05-06,16.7236111111111,12,10,78,68
"87",1644430081,2016-05-07,16.8215277777778,10,10,80,70
"88",1644430081,2016-05-08,14.7652777777778,10,6,80,74
"89",1644430081,2016-05-09,14.8666666666667,10,10,78,68
"90",1644430081,2016-05-10,13.8361111111111,10,10,84,74
"91",1644430081,2016-05-11,11.6527777777778,10,10,72,62
"92",1844505072,2016-04-12,15.0722222222222,12,10,66,56
"93",1844505072,2016-04-13,13.8055555555556,10,10,48,38
"94",1844505072,2016-04-14,15.8138888888889,12,10,74,64
"95",1844505072,2016-04-15,12.8097222222222,10,10,70,60
"96",1844505072,2016-04-16,12.3027777777778,10,10,56,46
"97",1844505072,2016-04-17,13.3138888888889,10,10,74,64
"98",1844505072,2016-04-18,13.4611111111111,10,10,56,46
"99",1844505072,2016-04-19,10.1416666666667,10,10,36,26
"100",1844505072,2016-04-20,10.0152777777778,10,10,26,16
"101",1844505072,2016-04-21,15.3097222222222,12,10,68,58
"102",1844505072,2016-04-22,13.5666666666667,10,10,64,54
"103",1844505072,2016-04-23,12.2097222222222,10,10,54,44
"104",1844505072,2016-04-24,10,10,10,10,0
"105",1844505072,2016-04-25,10,10,10,10,0
"106",1844505072,2016-04-26,10,10,10,10,0
"107",1844505072,2016-04-27,10.0111111111111,10,10,24,14
"108",1844505072,2016-04-28,14.7875,10,10,68,58
"109",1844505072,2016-04-29,13.7777777777778,10,10,56,46
"110",1844505072,2016-04-30,13.0861111111111,10,10,62,52
"111",1844505072,2016-05-01,11.4416666666667,10,10,68,58
"112",1844505072,2016-05-02,10.0055555555556,10,10,12,2
"113",1844505072,2016-05-03,12.9347222222222,10,10,58,48
"114",1844505072,2016-05-04,11.5013888888889,10,10,62,52
"115",1844505072,2016-05-05,11.8,10,10,40,30
"116",1844505072,2016-05-06,10.0291666666667,10,10,34,24
"117",1844505072,2016-05-07,10.0013888888889,10,10,12,2
"118",1844505072,2016-05-08,10.0013888888889,10,10,12,2
"119",1844505072,2016-05-09,10,10,10,10,0
"120",1844505072,2016-05-10,10,10,10,10,0
"121",1844505072,2016-05-11,10,10,10,10,0
"122",1844505072,2016-05-12,10,10,10,10,0
"123",1927972279,2016-04-12,10.8326388888889,10,10,32,22
"124",1927972279,2016-04-13,10.4263888888889,10,10,38,28
"125",1927972279,2016-04-14,11.5506944444444,10,10,56,46
"126",1927972279,2016-04-15,10.7694444444444,10,10,50,40
"127",1927972279,2016-04-16,10,10,10,10,0
"128",1927972279,2016-04-17,10.0013888888889,10,10,11,1
"129",1927972279,2016-04-18,10.2333333333333,10,10,34,24
"130",1927972279,2016-04-19,10,10,10,10,0
"131",1927972279,2016-04-20,10,10,10,10,0
"132",1927972279,2016-04-21,10.0048611111111,10,10,12,2
"133",1927972279,2016-04-22,10.1472222222222,10,10,36,26
"134",1927972279,2016-04-23,12.1138888888889,10,10,50,40
"135",1927972279,2016-04-24,11.26875,10,10,64,54
"136",1927972279,2016-04-25,10.1736111111111,10,10,38,28
"137",1927972279,2016-04-26,12.7888888888889,10,10,58,48
"138",1927972279,2016-04-27,10.0013888888889,10,10,11,1
"139",1927972279,2016-04-28,11.3965277777778,10,10,40,30
"140",1927972279,2016-04-29,10,10,10,10,0
"141",1927972279,2016-04-30,10,10,10,10,0
"142",1927972279,2016-05-01,11.6888888888889,10,10,74,64
"143",1927972279,2016-05-02,12.1423611111111,10,10,76,66
"144",1927972279,2016-05-03,10.64375,10,10,74,64
"145",1927972279,2016-05-04,11.3361111111111,10,10,52,42
"146",1927972279,2016-05-05,10,10,10,10,0
"147",1927972279,2016-05-06,11.5506944444444,10,10,44,34
"148",1927972279,2016-05-07,10.8090277777778,10,10,62,52
"149",1927972279,2016-05-08,10.0006944444444,10,10,11,1
"150",1927972279,2016-05-09,10,10,10,10,0
"151",1927972279,2016-05-10,10,10,10,10,0
"152",1927972279,2016-05-11,10,10,10,10,0
"153",1927972279,2016-05-12,10,10,10,10,0
"154",2022484408,2016-04-12,15.9965277777778,10,10,82,72
"155",2022484408,2016-04-13,17.4125,10,10,104,94
"156",2022484408,2016-04-14,15.4784722222222,10,10,68,58
"157",2022484408,2016-04-15,16.9041666666667,10,10,126,116
"158",2022484408,2016-04-16,14.5722222222222,10,10,86,76
"159",2022484408,2016-04-17,18.6208333333333,10,10,117,107
"160",2022484408,2016-04-18,18.5430555555556,10,10,105,95
"161",2022484408,2016-04-19,16.6527777777778,10,10,117,107
"162",2022484408,2016-04-20,19.3888888888889,10,10,114,104
"163",2022484408,2016-04-21,21.1375,11,10,146,136
"164",2022484408,2016-04-22,17.6604166666667,10,10,97,87
"165",2022484408,2016-04-23,13.8472222222222,10,10,62,52
"166",2022484408,2016-04-24,16.9291666666667,10,10,121,111
"167",2022484408,2016-04-25,16.53125,10,10,108,98
"168",2022484408,2016-04-26,18.6930555555556,10,10,109,99
"169",2022484408,2016-04-27,16.4840277777778,10,10,82,72
"170",2022484408,2016-04-28,15.3652777777778,10,10,62,52
"171",2022484408,2016-04-29,17.4763888888889,10,10,78,68
"172",2022484408,2016-04-30,18.2847222222222,10,10,68,58
"173",2022484408,2016-05-01,15.9305555555556,10,10,72,62
"174",2022484408,2016-05-02,16.55625,10,10,86,76
"175",2022484408,2016-05-03,18.41875,10,10,97,87
"176",2022484408,2016-05-04,17.7319444444444,10,10,106,96
"177",2022484408,2016-05-05,17.4618055555556,10,10,102,92
"178",2022484408,2016-05-06,16.7215277777778,10,10,66,56
"179",2022484408,2016-05-07,13.3555555555556,10,10,78,68
"180",2022484408,2016-05-08,12.3618055555556,10,10,62,52
"181",2022484408,2016-05-09,18.13125,11,10,74,64
"182",2022484408,2016-05-10,18.7201388888889,10,10,112,102
"183",2022484408,2016-05-11,17.0291666666667,10,10,90,80
"184",2022484408,2016-05-12,17.3777777777778,10,10,97,87
"185",2026352035,2016-04-12,13.0763888888889,10,10,70,60
"186",2026352035,2016-04-13,13.6361111111111,11,10,76,66
"187",2026352035,2016-04-14,12.8201388888889,10,10,50,40
"188",2026352035,2016-04-15,12.9458333333333,10,10,68,58
"189",2026352035,2016-04-16,12.3083333333333,11,10,58,48
"190",2026352035,2016-04-17,10.8854166666667,10,10,40,30
"191",2026352035,2016-04-18,12.7138888888889,10,10,52,42
"192",2026352035,2016-04-19,12.15,10,10,42,32
"193",2026352035,2016-04-20,14.9368055555556,11,10,70,60
"194",2026352035,2016-04-21,12.2798611111111,10,10,52,42
"195",2026352035,2016-04-22,12.5368055555556,11,10,76,66
"196",2026352035,2016-04-23,17.1652777777778,11,0,81,81
"197",2026352035,2016-04-24,12.5555555555556,10,10,50,40
"198",2026352035,2016-04-25,14.1284722222222,10,10,66,56
"199",2026352035,2016-04-26,14.2930555555556,11,10,76,66
"200",2026352035,2016-04-27,14.2763888888889,11,10,70,60
"201",2026352035,2016-04-28,14.78125,11,10,60,50
"202",2026352035,2016-04-29,15.1673611111111,11,10,66,56
"203",2026352035,2016-04-30,13.4965277777778,10,10,70,60
"204",2026352035,2016-05-01,12.9701388888889,11,10,81,71
"205",2026352035,2016-05-02,15.1444444444444,11,10,62,52
"206",2026352035,2016-05-03,14.3736111111111,11,10,70,60
"207",2026352035,2016-05-04,14.8583333333333,11,10,62,52
"208",2026352035,2016-05-05,17.2604166666667,11,10,72,62
"209",2026352035,2016-05-06,15.5618055555556,11,10,66,56
"210",2026352035,2016-05-07,13.3618055555556,11,10,50,40
"211",2026352035,2016-05-08,13.9333333333333,11,10,81,71
"212",2026352035,2016-05-09,16.7208333333333,11,10,70,60
"213",2026352035,2016-05-10,10.2263888888889,10,10,30,20
"214",2026352035,2016-05-11,15.21875,11,10,66,56
"215",2026352035,2016-05-12,17.4197916666667,11,10,62,52
"216",2320127002,2016-04-12,16.0347222222222,10,10,103,93
"217",2320127002,2016-04-13,15.1263888888889,10,10,56,46
"218",2320127002,2016-04-14,12.8027777777778,10,10,42,32
"219",2320127002,2016-04-15,13.6013888888889,10,10,42,32
"220",2320127002,2016-04-16,13.0152777777778,10,10,60,50
"221",2320127002,2016-04-17,13.9861111111111,10,10,74,64
"222",2320127002,2016-04-18,14.3805555555556,10,10,62,52
"223",2320127002,2016-04-19,13.675,10,10,56,46
"224",2320127002,2016-04-20,14.5125,10,10,66,56
"225",2320127002,2016-04-21,12.1597222222222,10,10,60,50
"226",2320127002,2016-04-22,13.9791666666667,10,10,60,50
"227",2320127002,2016-04-23,13.6194444444444,10,10,44,34
"228",2320127002,2016-04-24,13.0222222222222,10,10,44,34
"229",2320127002,2016-04-25,12.4875,10,10,76,66
"230",2320127002,2016-04-26,12.325,10,10,78,68
"231",2320127002,2016-04-27,11.1819444444444,10,10,44,34
"232",2320127002,2016-04-28,11.1208333333333,10,10,50,40
"233",2320127002,2016-04-29,10.6486111111111,10,10,38,28
"234",2320127002,2016-04-30,13.4291666666667,10,10,68,58
"235",2320127002,2016-05-01,10.5958333333333,10,10,42,32
"236",2320127002,2016-05-02,12.1791666666667,10,10,76,66
"237",2320127002,2016-05-03,14.1819444444444,10,10,78,68
"238",2320127002,2016-05-04,10.7694444444444,10,10,44,34
"239",2320127002,2016-05-05,13.4416666666667,10,10,42,32
"240",2320127002,2016-05-06,13.1541666666667,10,10,66,56
"241",2320127002,2016-05-07,14.8902777777778,10,10,70,60
"242",2320127002,2016-05-08,13.7527777777778,10,10,72,62
"243",2320127002,2016-05-09,12.3055555555556,10,10,50,40
"244",2320127002,2016-05-10,14.3347222222222,10,10,62,52
"245",2320127002,2016-05-11,14.3694444444444,10,10,48,38
"246",2320127002,2016-05-12,12.8533333333333,10,10,44,34
"247",2347167796,2016-04-12,17.3083333333333,11,10,106,96
"248",2347167796,2016-04-13,15.0520833333333,11,10,95,85
"249",2347167796,2016-04-14,14.8444444444444,11,10,72,62
"250",2347167796,2016-04-15,15.7506944444444,11,10,73,63
"251",2347167796,2016-04-16,19.7166666666667,10,10,103,93
"252",2347167796,2016-04-17,13.8993055555556,10,10,62,52
"253",2347167796,2016-04-18,14.3569444444444,11,10,72,62
"254",2347167796,2016-04-19,17.3208333333333,11,10,120,110
"255",2347167796,2016-04-20,16.2298611111111,11,10,94,84
"256",2347167796,2016-04-21,15.1263888888889,11,10,104,94
"257",2347167796,2016-04-22,14.36875,11,10,102,92
"258",2347167796,2016-04-23,19.4118055555556,11,10,99,89
"259",2347167796,2016-04-24,16.14375,11,10,64,54
"260",2347167796,2016-04-25,15.46875,11,10,99,89
"261",2347167796,2016-04-26,13.7409722222222,11,10,58,48
"262",2347167796,2016-04-27,16.2,11,10,85,75
"263",2347167796,2016-04-28,13.69375,11,10,62,52
"264",2347167796,2016-04-29,10.1805555555556,10,10,26,16
"265",2873212765,2016-04-12,15.6736111111111,10,10,68,58
"266",2873212765,2016-04-13,15.8472222222222,10,10,90,80
"267",2873212765,2016-04-14,14.9694444444444,10,10,86,76
"268",2873212765,2016-04-15,16.3166666666667,10,10,74,64
"269",2873212765,2016-04-16,17.0027777777778,10,10,96,86
"270",2873212765,2016-04-17,12.0972222222222,10,10,58,48
"271",2873212765,2016-04-18,14.9451388888889,10,10,87,77
"272",2873212765,2016-04-19,15.4729166666667,10,10,93,83
"273",2873212765,2016-04-20,16.625,10,10,95,85
"274",2873212765,2016-04-21,15.6451388888889,10,10,77,67
"275",2873212765,2016-04-22,15.4888888888889,10,10,68,58
"276",2873212765,2016-04-23,16.0493055555556,10,10,149,139
"277",2873212765,2016-04-24,15.0666666666667,10,10,95,85
"278",2873212765,2016-04-25,15.1444444444444,10,10,96,86
"279",2873212765,2016-04-26,14.9527777777778,10,10,90,80
"280",2873212765,2016-04-27,15.6097222222222,10,10,95,85
"281",2873212765,2016-04-28,14.5784722222222,10,10,98,88
"282",2873212765,2016-04-29,14.1388888888889,10,10,80,70
"283",2873212765,2016-04-30,14.5375,10,10,80,70
"284",2873212765,2016-05-01,13.8152777777778,10,10,88,78
"285",2873212765,2016-05-02,14.9194444444444,10,10,72,62
"286",2873212765,2016-05-03,15.1361111111111,10,10,80,70
"287",2873212765,2016-05-04,16.0013888888889,10,10,90,80
"288",2873212765,2016-05-05,15.6548611111111,10,10,90,80
"289",2873212765,2016-05-06,15.1736111111111,10,10,68,58
"290",2873212765,2016-05-07,15.0625,10,10,157,147
"291",2873212765,2016-05-08,16.6430555555556,10,10,95,85
"292",2873212765,2016-05-09,15.1430555555556,10,10,82,72
"293",2873212765,2016-05-10,15.5833333333333,10,10,74,64
"294",2873212765,2016-05-11,14.4361111111111,10,10,72,62
"295",2873212765,2016-05-12,16.5177083333333,10,10,92,82
"296",3372868164,2016-04-12,13.2763888888889,10,10,68,58
"297",3372868164,2016-04-13,15.5416666666667,10,10,98,88
"298",3372868164,2016-04-14,15.3347222222222,10,10,102,92
"299",3372868164,2016-04-15,14.1694444444444,10,10,66,56
"300",3372868164,2016-04-16,14.1673611111111,10,10,59,49
"301",3372868164,2016-04-17,14.5854166666667,10,10,107,97
"302",3372868164,2016-04-18,14.9541666666667,10,10,100,90
"303",3372868164,2016-04-19,14.7444444444444,10,10,88,78
"304",3372868164,2016-04-20,13.8694444444444,10,10,94,84
"305",3372868164,2016-04-21,15.7715277777778,10,10,107,97
"306",3372868164,2016-04-22,12.3958333333333,10,10,46,36
"307",3372868164,2016-04-23,14.8159722222222,10,10,107,97
"308",3372868164,2016-04-24,14.2666666666667,10,10,104,94
"309",3372868164,2016-04-25,14.9291666666667,10,10,96,86
"310",3372868164,2016-04-26,15.2729166666667,10,10,110,100
"311",3372868164,2016-04-27,15.5618055555556,10,10,111,101
"312",3372868164,2016-04-28,14.6458333333333,10,10,90,80
"313",3372868164,2016-04-29,15.1833333333333,10,10,58,48
"314",3372868164,2016-04-30,14.4555555555556,10,10,102,92
"315",3372868164,2016-05-01,12.9916666666667,10,10,70,60
"316",3977333714,2016-04-12,14.3361111111111,10,10,115,105
"317",3977333714,2016-04-13,14.7819444444444,10,10,74,64
"318",3977333714,2016-04-14,14.1645833333333,10,10,66,56
"319",3977333714,2016-04-15,14.5131944444444,10,10,101,91
"320",3977333714,2016-04-16,16.0597222222222,10,10,78,68
"321",3977333714,2016-04-17,15.1173611111111,10,10,74,64
"322",3977333714,2016-04-18,15.6576388888889,10,10,66,56
"323",3977333714,2016-04-19,16.11875,10,10,117,107
"324",3977333714,2016-04-20,15.3645833333333,10,10,115,105
"325",3977333714,2016-04-21,13.7993055555556,10,10,68,58
"326",3977333714,2016-04-22,14.6395833333333,10,10,72,62
"327",3977333714,2016-04-23,16.1951388888889,10,10,74,64
"328",3977333714,2016-04-24,16.3590277777778,10,10,127,117
"329",3977333714,2016-04-25,15.4972222222222,10,10,135,125
"330",3977333714,2016-04-26,15.3368055555556,10,10,68,58
"331",3977333714,2016-04-27,13.6111111111111,10,10,113,103
"332",3977333714,2016-04-28,13.9118055555556,10,10,109,99
"333",3977333714,2016-04-29,15.2708333333333,10,10,137,127
"334",3977333714,2016-04-30,16.3083333333333,10,10,113,103
"335",3977333714,2016-05-01,14.8388888888889,10,10,129,119
"336",3977333714,2016-05-02,17.4020833333333,10,10,104,94
"337",3977333714,2016-05-03,16.8951388888889,10,10,82,72
"338",3977333714,2016-05-04,16.0076388888889,10,10,135,125
"339",3977333714,2016-05-05,15.9909722222222,10,10,133,123
"340",3977333714,2016-05-06,15.7069444444444,10,10,127,117
"341",3977333714,2016-05-07,15.5631944444444,10,10,84,74
"342",3977333714,2016-05-08,16.1465277777778,10,10,86,76
"343",3977333714,2016-05-09,16.3875,10,10,129,119
"344",3977333714,2016-05-10,16.1104166666667,10,10,125,115
"345",4020332650,2016-04-12,18.4173611111111,13,10,72,62
"346",4020332650,2016-04-13,10,10,10,10,0
"347",4020332650,2016-04-14,10.0798611111111,10,10,39,29
"348",4020332650,2016-04-15,14.8888888888889,10,10,140,130
"349",4020332650,2016-04-16,15.4069444444444,10,10,92,82
"350",4020332650,2016-04-17,10.0395833333333,10,10,45,35
"351",4020332650,2016-04-18,10.0729166666667,10,10,62,52
"352",4020332650,2016-04-19,10,10,10,10,0
"353",4020332650,2016-04-20,10,10,10,10,0
"354",4020332650,2016-04-21,10,10,10,10,0
"355",4020332650,2016-04-22,10,10,10,10,0
"356",4020332650,2016-04-23,10,10,10,10,0
"357",4020332650,2016-04-24,10,10,10,10,0
"358",4020332650,2016-04-25,10,10,10,10,0
"359",4020332650,2016-04-26,10,10,10,10,0
"360",4020332650,2016-04-27,10,10,10,10,0
"361",4020332650,2016-04-28,10,10,10,10,0
"362",4020332650,2016-04-29,10,10,10,10,0
"363",4020332650,2016-04-30,10,10,10,10,0
"364",4020332650,2016-05-01,10,10,10,10,0
"365",4020332650,2016-05-02,11.1472222222222,10,10,58,48
"366",4020332650,2016-05-03,14.2638888888889,12,10,68,58
"367",4020332650,2016-05-04,19.5513888888889,13,10,98,88
"368",4020332650,2016-05-05,17.3020833333333,10,10,87,77
"369",4020332650,2016-05-06,13.6423611111111,10,10,54,44
"370",4020332650,2016-05-07,14.3548611111111,10,10,64,54
"371",4020332650,2016-05-08,15.5666666666667,12,10,60,50
"372",4020332650,2016-05-09,14.0611111111111,10,10,68,58
"373",4020332650,2016-05-10,14.7201388888889,10,10,86,76
"374",4020332650,2016-05-11,13.3284722222222,10,10,73,63
"375",4020332650,2016-05-12,10.4041666666667,10,10,44,34
"376",4057192912,2016-04-12,12.8013888888889,10,10,74,64
"377",4057192912,2016-04-13,12.8930555555556,10,10,76,66
"378",4057192912,2016-04-14,10,10,10,10,0
"379",4057192912,2016-04-15,12.75,10,10,78,68
"380",4319703577,2016-04-12,10,10,10,10,0
"381",4319703577,2016-04-13,12.0131944444444,10,10,76,66
"382",4319703577,2016-04-14,15.7868055555556,10,10,83,73
"383",4319703577,2016-04-15,13.6083333333333,10,10,76,66
"384",4319703577,2016-04-16,12.9215277777778,10,10,64,54
"385",4319703577,2016-04-17,10.0416666666667,10,10,28,18
"386",4319703577,2016-04-18,11.2166666666667,10,10,83,73
"387",4319703577,2016-04-19,15.1145833333333,10,10,76,66
"388",4319703577,2016-04-20,15.2111111111111,10,10,76,66
"389",4319703577,2016-04-21,10.4805555555556,10,10,36,26
"390",4319703577,2016-04-22,12.9625,10,10,62,52
"391",4319703577,2016-04-23,13.3645833333333,10,10,64,54
"392",4319703577,2016-04-24,12.9215277777778,10,10,64,54
"393",4319703577,2016-04-25,15.8979166666667,10,10,78,68
"394",4319703577,2016-04-26,15.3625,10,10,78,68
"395",4319703577,2016-04-27,15.9680555555556,10,10,78,68
"396",4319703577,2016-04-28,16.2638888888889,11,10,88,78
"397",4319703577,2016-04-29,14.9479166666667,10,10,78,68
"398",4319703577,2016-04-30,14.3736111111111,10,10,76,66
"399",4319703577,2016-05-01,10.9493055555556,10,10,44,34
"400",4319703577,2016-05-02,15.5569444444444,10,10,83,73
"401",4319703577,2016-05-03,15.3576388888889,10,10,78,68
"402",4319703577,2016-05-04,15.6819444444444,10,10,83,73
"403",4319703577,2016-05-05,17.3805555555556,11,10,127,117
"404",4319703577,2016-05-06,15.5548611111111,10,10,83,73
"405",4319703577,2016-05-07,14.8451388888889,10,10,66,56
"406",4319703577,2016-05-08,12.3215277777778,10,10,56,46
"407",4319703577,2016-05-09,16.13125,10,10,74,64
"408",4319703577,2016-05-10,15.5486111111111,10,10,78,68
"409",4319703577,2016-05-11,15.3513888888889,10,10,72,62
"410",4319703577,2016-05-12,10.1875,10,10,26,16
"411",4388161847,2016-04-12,10,10,10,10,0
"412",4388161847,2016-04-13,13.3652777777778,10,10,70,60
"413",4388161847,2016-04-14,15.9625,10,10,86,76
"414",4388161847,2016-04-15,16.3284722222222,11,10,76,66
"415",4388161847,2016-04-16,16.3638888888889,12,10,92,82
"416",4388161847,2016-04-17,13.6972222222222,10,10,58,48
"417",4388161847,2016-04-18,17.4319444444444,11,10,137,127
"418",4388161847,2016-04-19,16.0527777777778,11,10,86,76
"419",4388161847,2016-04-20,16.4152777777778,11,10,102,92
"420",4388161847,2016-04-21,16.3430555555556,11,10,113,103
"421",4388161847,2016-04-22,18.86875,12,10,104,94
"422",4388161847,2016-04-23,17.6069444444444,11,10,120,110
"423",4388161847,2016-04-24,15.3611111111111,10,10,92,82
"424",4388161847,2016-04-25,17.5111111111111,11,10,92,82
"425",4388161847,2016-04-26,15.5958333333333,11,10,86,76
"426",4388161847,2016-04-27,16.3701388888889,11,10,90,80
"427",4388161847,2016-04-28,15.8083333333333,11,10,80,70
"428",4388161847,2016-04-29,15.8618055555556,11,10,88,78
"429",4388161847,2016-04-30,17.4805555555556,10,10,74,64
"430",4388161847,2016-05-01,15.5833333333333,10,10,70,60
"431",4388161847,2016-05-02,16.7569444444444,11,10,141,131
"432",4388161847,2016-05-03,17.5173611111111,11,10,92,82
"433",4388161847,2016-05-04,16.8361111111111,11,10,90,80
"434",4388161847,2016-05-05,15.4381944444444,10,10,80,70
"435",4388161847,2016-05-06,18.2361111111111,12,10,112,102
"436",4388161847,2016-05-07,21.4166666666667,11,10,102,92
"437",4388161847,2016-05-08,20.95,10,10,137,127
"438",4388161847,2016-05-09,16.0444444444444,11,10,98,88
"439",4388161847,2016-05-10,16.2979166666667,11,10,82,72
"440",4388161847,2016-05-11,15.7298611111111,10,10,74,64
"441",4388161847,2016-05-12,13.2366666666667,10,10,68,58
"442",4445114986,2016-04-12,12.7722222222222,10,10,58,48
"443",4445114986,2016-04-13,12.6597222222222,10,10,42,32
"444",4445114986,2016-04-14,13.2576388888889,10,10,50,40
"445",4445114986,2016-04-15,15.0826388888889,11,10,66,56
"446",4445114986,2016-04-16,13.1756944444444,10,10,56,46
"447",4445114986,2016-04-17,11.6722222222222,10,10,56,46
"448",4445114986,2016-04-18,13.5840277777778,10,10,98,88
"449",4445114986,2016-04-19,11.8076388888889,10,10,50,40
"450",4445114986,2016-04-20,11.9291666666667,10,10,44,34
"451",4445114986,2016-04-21,12.9715277777778,10,10,54,44
"452",4445114986,2016-04-22,14.69375,11,10,64,54
"453",4445114986,2016-04-23,13.0229166666667,10,10,70,60
"454",4445114986,2016-04-24,13.6166666666667,10,10,52,42
"455",4445114986,2016-04-25,12.5493055555556,10,10,54,44
"456",4445114986,2016-04-26,13.8854166666667,10,10,96,86
"457",4445114986,2016-04-27,14.3125,10,10,97,87
"458",4445114986,2016-04-28,13.3548611111111,10,10,54,44
"459",4445114986,2016-04-29,13.2965277777778,10,10,50,40
"460",4445114986,2016-04-30,14.3236111111111,11,10,58,48
"461",4445114986,2016-05-01,13.6138888888889,10,10,62,52
"462",4445114986,2016-05-02,14.15625,10,10,95,85
"463",4445114986,2016-05-03,14.6708333333333,10,10,95,85
"464",4445114986,2016-05-04,12.5479166666667,10,10,54,44
"465",4445114986,2016-05-05,12.8520833333333,10,10,62,52
"466",4445114986,2016-05-06,13.4,10,10,72,62
"467",4445114986,2016-05-07,12.8701388888889,10,10,93,83
"468",4445114986,2016-05-08,14.6854166666667,10,10,52,42
"469",4445114986,2016-05-09,13.8256944444444,10,10,60,50
"470",4445114986,2016-05-10,13.2201388888889,10,10,62,52
"471",4445114986,2016-05-11,15.1479166666667,10,10,68,58
"472",4445114986,2016-05-12,10.9141025641026,10,10,34,24
"473",4558609924,2016-04-12,14.2888888888889,10,10,40,30
"474",4558609924,2016-04-13,12.8888888888889,10,10,86,76
"475",4558609924,2016-04-14,14.3881944444444,10,10,56,46
"476",4558609924,2016-04-15,15.8770833333333,10,10,78,68
"477",4558609924,2016-04-16,14.8965277777778,10,10,76,66
"478",4558609924,2016-04-17,15.8159722222222,10,10,77,67
"479",4558609924,2016-04-18,15.8027777777778,10,10,73,63
"480",4558609924,2016-04-19,14.0069444444444,10,10,64,54
"481",4558609924,2016-04-20,13.3569444444444,10,10,58,48
"482",4558609924,2016-04-21,18.5680555555556,11,10,64,54
"483",4558609924,2016-04-22,15.6416666666667,10,10,62,52
"484",4558609924,2016-04-23,15.5222222222222,10,10,70,60
"485",4558609924,2016-04-24,16.1430555555556,11,10,54,44
"486",4558609924,2016-04-25,16.5548611111111,11,10,106,96
"487",4558609924,2016-04-26,16.5263888888889,11,10,76,66
"488",4558609924,2016-04-27,15.6076388888889,10,10,64,54
"489",4558609924,2016-04-28,16.2513888888889,10,10,68,58
"490",4558609924,2016-04-29,14.2993055555556,10,10,74,64
"491",4558609924,2016-04-30,15.6861111111111,10,10,68,58
"492",4558609924,2016-05-01,12.6138888888889,10,10,56,46
"493",4558609924,2016-05-02,15.49375,11,10,56,46
"494",4558609924,2016-05-03,14.6458333333333,10,10,88,78
"495",4558609924,2016-05-04,13.8166666666667,10,10,66,56
"496",4558609924,2016-05-05,16.9569444444444,11,10,62,52
"497",4558609924,2016-05-06,12.9166666666667,10,10,50,40
"498",4558609924,2016-05-07,14.7958333333333,10,10,68,58
"499",4558609924,2016-05-08,20.0083333333333,10,10,144,134
"500",4558609924,2016-05-09,16.6854166666667,11,10,64,54
"501",4558609924,2016-05-10,14.1708333333333,10,10,86,76
"502",4558609924,2016-05-11,15.9881944444444,11,0,74,74
"503",4558609924,2016-05-12,15.7875,10,10,56,46
"504",4702921684,2016-04-12,14.6111111111111,10,10,72,62
"505",4702921684,2016-04-13,14.3611111111111,10,10,66,56
"506",4702921684,2016-04-14,14.7972222222222,10,10,72,62
"507",4702921684,2016-04-15,14.3583333333333,10,10,68,58
"508",4702921684,2016-04-16,16.4694444444444,12,10,76,66
"509",4702921684,2016-04-17,16.8277777777778,10,10,72,62
"510",4702921684,2016-04-18,14.9416666666667,10,10,74,64
"511",4702921684,2016-04-19,13.9444444444444,10,10,78,68
"512",4702921684,2016-04-20,15.1763888888889,10,10,72,62
"513",4702921684,2016-04-21,13.5319444444444,10,10,68,58
"514",4702921684,2016-04-22,11.1138888888889,10,10,56,46
"515",4702921684,2016-04-23,18.3027777777778,12,10,76,66
"516",4702921684,2016-04-24,17.5430555555556,10,10,74,64
"517",4702921684,2016-04-25,15.1722222222222,10,10,72,62
"518",4702921684,2016-04-26,13.8013888888889,10,10,76,66
"519",4702921684,2016-04-27,14.3888888888889,10,10,68,58
"520",4702921684,2016-04-28,15.0402777777778,10,10,78,68
"521",4702921684,2016-04-29,15.6916666666667,10,10,86,76
"522",4702921684,2016-04-30,15.4472222222222,10,10,70,60
"523",4702921684,2016-05-01,10,10,10,10,0
"524",4702921684,2016-05-02,14.1736111111111,10,10,74,64
"525",4702921684,2016-05-03,15.5847222222222,10,10,72,62
"526",4702921684,2016-05-04,14.8930555555556,10,10,78,68
"527",4702921684,2016-05-05,14.8958333333333,10,10,76,66
"528",4702921684,2016-05-06,14.1611111111111,10,10,70,60
"529",4702921684,2016-05-07,18.2625,12,10,66,56
"530",4702921684,2016-05-08,16.2972222222222,10,10,64,54
"531",4702921684,2016-05-09,14.8277777777778,10,10,68,58
"532",4702921684,2016-05-10,15.7291666666667,10,10,76,66
"533",4702921684,2016-05-11,15.2194444444444,10,10,72,62
"534",4702921684,2016-05-12,13.2151515151515,10,10,70,60
"535",5553957443,2016-04-12,15.3597222222222,10,10,66,56
"536",5553957443,2016-04-13,13.0270833333333,10,10,66,56
"537",5553957443,2016-04-14,17.6222222222222,10,10,78,68
"538",5553957443,2016-04-15,17.0909722222222,10,10,68,58
"539",5553957443,2016-04-16,13.8819444444444,10,10,46,36
"540",5553957443,2016-04-17,10.5972222222222,10,10,36,26
"541",5553957443,2016-04-18,12.7611111111111,10,10,52,42
"542",5553957443,2016-04-19,17.3166666666667,10,10,72,62
"543",5553957443,2016-04-20,11.9027777777778,10,10,52,42
"544",5553957443,2016-04-21,15.6659722222222,10,10,68,58
"545",5553957443,2016-04-22,15.9548611111111,10,10,72,62
"546",5553957443,2016-04-23,13.4659722222222,10,10,38,28
"547",5553957443,2016-04-24,11.4284722222222,10,10,38,28
"548",5553957443,2016-04-25,15.4131944444444,10,10,70,60
"549",5553957443,2016-04-26,15.8743055555556,10,10,70,60
"550",5553957443,2016-04-27,14.5722222222222,10,10,68,58
"551",5553957443,2016-04-28,15.1597222222222,10,10,88,78
"552",5553957443,2016-04-29,16.4493055555556,10,10,90,80
"553",5553957443,2016-04-30,11.09375,10,10,32,22
"554",5553957443,2016-05-01,13.2465277777778,10,10,60,50
"555",5553957443,2016-05-02,15.1951388888889,10,10,68,58
"556",5553957443,2016-05-03,16.0916666666667,10,10,80,70
"557",5553957443,2016-05-04,12.9256944444444,10,10,58,48
"558",5553957443,2016-05-05,16.4083333333333,10,10,108,98
"559",5553957443,2016-05-06,14.5798611111111,10,10,72,62
"560",5553957443,2016-05-07,11.3722222222222,10,10,81,71
"561",5553957443,2016-05-08,13.4131944444444,10,10,68,58
"562",5553957443,2016-05-09,17.2944444444444,10,10,92,82
"563",5553957443,2016-05-10,17.7756944444444,10,10,74,64
"564",5553957443,2016-05-11,12.8854166666667,10,10,60,50
"565",5553957443,2016-05-12,13.0616666666667,10,10,64,54
"566",5577150313,2016-04-12,18.3548611111111,12,10,124,114
"567",5577150313,2016-04-13,13.7548611111111,10,10,84,74
"568",5577150313,2016-04-14,22.0861111111111,12,10,138,128
"569",5577150313,2016-04-15,21.9861111111111,12,10,121,111
"570",5577150313,2016-04-16,23.4618055555556,11,10,100,90
"571",5577150313,2016-04-17,25.0166666666667,11,10,138,128
"572",5577150313,2016-04-18,19.9173611111111,12,10,122,112
"573",5577150313,2016-04-19,19.2416666666667,12,10,124,114
"574",5577150313,2016-04-20,17.54375,11,10,98,88
"575",5577150313,2016-04-21,22.0833333333333,12,10,134,124
"576",5577150313,2016-04-22,18.0465277777778,11,10,94,84
"577",5577150313,2016-04-23,17.3173611111111,11,10,126,116
"578",5577150313,2016-04-24,24.1375,10,10,96,86
"579",5577150313,2016-04-25,18.5444444444444,12,10,92,82
"580",5577150313,2016-04-26,16.9743055555556,11,10,82,72
"581",5577150313,2016-04-27,18.1027777777778,12,10,92,82
"582",5577150313,2016-04-28,19.6763888888889,11,10,132,122
"583",5577150313,2016-04-29,19.4805555555556,11,10,106,96
"584",5577150313,2016-04-30,24.7368055555556,11,10,102,92
"585",5577150313,2016-05-01,24.9868055555556,12,10,106,96
"586",5577150313,2016-05-02,16.5631944444444,11,10,96,86
"587",5577150313,2016-05-03,20.8569444444444,12,10,112,102
"588",5577150313,2016-05-04,15.1333333333333,10,10,110,100
"589",5577150313,2016-05-05,16.5131944444444,10,10,104,94
"590",5577150313,2016-05-06,14.5263888888889,10,10,96,86
"591",5577150313,2016-05-07,10,10,10,10,0
"592",5577150313,2016-05-08,10,10,10,10,0
"593",5577150313,2016-05-09,13.6798611111111,10,10,96,86
"594",5577150313,2016-05-10,21.1083333333333,12,10,136,126
"595",5577150313,2016-05-11,18.1305555555556,11,10,138,128
"596",6117666160,2016-04-12,10,10,10,10,0
"597",6117666160,2016-04-13,10,10,10,10,0
"598",6117666160,2016-04-14,10,10,10,10,0
"599",6117666160,2016-04-15,19.1444444444444,10,10,58,48
"600",6117666160,2016-04-16,18.8993055555556,11,10,78,68
"601",6117666160,2016-04-17,14.8722222222222,10,10,58,48
"602",6117666160,2016-04-18,13.4902777777778,10,10,56,46
"603",6117666160,2016-04-19,17.4173611111111,11,10,60,50
"604",6117666160,2016-04-20,16.9465277777778,11,10,100,90
"605",6117666160,2016-04-21,15.8138888888889,10,10,79,69
"606",6117666160,2016-04-22,16.1013888888889,11,10,63,53
"607",6117666160,2016-04-23,17.7097222222222,11,10,58,48
"608",6117666160,2016-04-24,15.4027777777778,10,10,72,62
"609",6117666160,2016-04-25,10,10,10,10,0
"610",6117666160,2016-04-26,16.3722222222222,11,10,60,50
"611",6117666160,2016-04-27,17.2180555555556,11,10,60,50
"612",6117666160,2016-04-28,12.5604166666667,10,10,79,69
"613",6117666160,2016-04-29,17.1076388888889,11,10,58,48
"614",6117666160,2016-04-30,15.2055555555556,11,10,98,88
"615",6117666160,2016-05-01,15.7763888888889,10,10,64,54
"616",6117666160,2016-05-02,13.6451388888889,10,10,48,38
"617",6117666160,2016-05-03,10,10,10,10,0
"618",6117666160,2016-05-04,12.7090277777778,10,10,46,36
"619",6117666160,2016-05-05,17.6173611111111,11,10,52,42
"620",6117666160,2016-05-06,12.275,10,10,123,113
"621",6117666160,2016-05-07,16.4986111111111,11,10,48,38
"622",6117666160,2016-05-08,15.0395833333333,10,10,50,40
"623",6117666160,2016-05-09,14.5055555555556,10,10,52,42
"624",6290855005,2016-04-12,12.4236111111111,10,10,56,46
"625",6290855005,2016-04-13,14.0986111111111,10,10,52,42
"626",6290855005,2016-04-14,14.3277777777778,10,10,54,44
"627",6290855005,2016-04-15,14.0555555555556,10,10,52,42
"628",6290855005,2016-04-16,13.5097222222222,10,10,62,52
"629",6290855005,2016-04-17,15.3916666666667,10,10,138,128
"630",6290855005,2016-04-18,13.425,10,10,56,46
"631",6290855005,2016-04-19,13.7791666666667,10,10,52,42
"632",6290855005,2016-04-20,13.1083333333333,10,10,46,36
"633",6290855005,2016-04-21,10,10,10,10,0
"634",6290855005,2016-04-22,13.5694444444444,10,10,54,44
"635",6290855005,2016-04-23,12.9333333333333,10,10,138,128
"636",6290855005,2016-04-24,13.1208333333333,10,10,52,42
"637",6290855005,2016-04-25,13.45,10,10,72,62
"638",6290855005,2016-04-26,10,10,10,10,0
"639",6290855005,2016-04-27,13.3138888888889,10,10,46,36
"640",6290855005,2016-04-28,13.0416666666667,10,10,46,36
"641",6290855005,2016-04-29,10,10,10,10,0
"642",6290855005,2016-04-30,13.8,10,10,42,32
"643",6290855005,2016-05-01,16.1652777777778,10,10,66,56
"644",6290855005,2016-05-02,13.225,10,10,46,36
"645",6290855005,2016-05-03,12.9638888888889,10,10,52,42
"646",6290855005,2016-05-04,13.1930555555556,10,10,50,40
"647",6290855005,2016-05-05,13.0194444444444,10,10,52,42
"648",6290855005,2016-05-06,13.6208333333333,10,10,52,42
"649",6290855005,2016-05-07,12.6833333333333,10,10,38,28
"650",6290855005,2016-05-08,13.1625,10,10,46,36
"651",6290855005,2016-05-09,14.3490196078431,10,10,50,40
"652",6775888955,2016-04-12,10,10,10,10,0
"653",6775888955,2016-04-13,13.0402777777778,10,10,70,60
"654",6775888955,2016-04-14,13.6201388888889,10,10,72,62
"655",6775888955,2016-04-15,11.5583333333333,10,10,66,56
"656",6775888955,2016-04-16,12.0861111111111,10,10,80,70
"657",6775888955,2016-04-17,11.2284722222222,10,10,66,56
"658",6775888955,2016-04-18,15.1993055555556,10,10,74,64
"659",6775888955,2016-04-19,10,10,10,10,0
"660",6775888955,2016-04-20,20.2458333333333,10,10,88,78
"661",6775888955,2016-04-21,10,10,10,10,0
"662",6775888955,2016-04-22,10.44375,10,10,52,42
"663",6775888955,2016-04-23,10,10,10,10,0
"664",6775888955,2016-04-24,11.1527777777778,10,10,68,58
"665",6775888955,2016-04-25,13.4840277777778,10,10,80,70
"666",6775888955,2016-04-26,14.0395833333333,10,10,95,85
"667",6775888955,2016-04-27,10,10,10,10,0
"668",6775888955,2016-04-28,10.8256944444444,10,10,68,58
"669",6775888955,2016-04-29,10.0041666666667,10,10,14,4
"670",6775888955,2016-04-30,12.3861111111111,10,10,68,58
"671",6775888955,2016-05-01,12.5993055555556,10,10,72,62
"672",6775888955,2016-05-02,10.0006944444444,10,10,11,1
"673",6775888955,2016-05-03,10.0125,10,10,26,16
"674",6775888955,2016-05-04,10,10,10,10,0
"675",6775888955,2016-05-05,10,10,10,10,0
"676",6775888955,2016-05-06,13.5590277777778,10,10,70,60
"677",6775888955,2016-05-07,13.185,10,10,64,54
"678",6962181067,2016-04-12,15.3229166666667,10,10,102,92
"679",6962181067,2016-04-13,13.2381944444444,10,10,78,68
"680",6962181067,2016-04-14,11.3284722222222,10,10,64,54
"681",6962181067,2016-04-15,13.5986111111111,10,10,60,50
"682",6962181067,2016-04-16,16.7486111111111,10,10,78,68
"683",6962181067,2016-04-17,15.7090277777778,10,10,77,67
"684",6962181067,2016-04-18,15.825,10,10,64,54
"685",6962181067,2016-04-19,15.8541666666667,10,10,70,60
"686",6962181067,2016-04-20,16.7979166666667,10,10,77,67
"687",6962181067,2016-04-21,16.8854166666667,10,10,110,100
"688",6962181067,2016-04-22,16.1673611111111,10,10,100,90
"689",6962181067,2016-04-23,19.9076388888889,11,10,84,74
"690",6962181067,2016-04-24,13.2048611111111,10,10,60,50
"691",6962181067,2016-04-25,16.9527777777778,10,10,78,68
"692",6962181067,2016-04-26,15.5805555555556,10,10,80,70
"693",6962181067,2016-04-27,15.78125,10,10,81,71
"694",6962181067,2016-04-28,16.9361111111111,10,10,112,102
"695",6962181067,2016-04-29,17.4590277777778,10,10,78,68
"696",6962181067,2016-04-30,15.5541666666667,10,10,80,70
"697",6962181067,2016-05-01,13.4479166666667,10,10,64,54
"698",6962181067,2016-05-02,16.7388888888889,10,10,76,66
"699",6962181067,2016-05-03,16.0965277777778,10,10,96,86
"700",6962181067,2016-05-04,16.1965277777778,10,10,100,90
"701",6962181067,2016-05-05,16.0201388888889,10,10,66,56
"702",6962181067,2016-05-06,14.3263888888889,11,10,52,42
"703",6962181067,2016-05-07,15.1055555555556,11,10,56,46
"704",6962181067,2016-05-08,12.8756944444444,10,10,54,44
"705",6962181067,2016-05-09,16.1854166666667,10,10,83,73
"706",6962181067,2016-05-10,18.1916666666667,10,10,110,100
"707",6962181067,2016-05-11,14.3145833333333,10,10,84,74
"708",6962181067,2016-05-12,14.3027777777778,10,10,60,50
"709",7007744171,2016-04-12,18.86875,11,10,82,72
"710",7007744171,2016-04-13,17.6173611111111,10,10,84,74
"711",7007744171,2016-04-14,17.1402777777778,11,10,68,58
"712",7007744171,2016-04-15,13.4784722222222,10,10,68,58
"713",7007744171,2016-04-16,13.3354166666667,10,10,66,56
"714",7007744171,2016-04-17,15.3090277777778,10,10,56,46
"715",7007744171,2016-04-18,18.1923611111111,11,10,76,66
"716",7007744171,2016-04-19,18.0548611111111,10,10,72,62
"717",7007744171,2016-04-20,19.8868055555556,11,10,92,82
"718",7007744171,2016-04-21,17.75,10,10,66,56
"719",7007744171,2016-04-22,18.5590277777778,10,10,92,82
"720",7007744171,2016-04-23,14.6736111111111,10,10,66,56
"721",7007744171,2016-04-24,17.1305555555556,10,10,50,40
"722",7007744171,2016-04-25,19.625,10,10,72,62
"723",7007744171,2016-04-26,18.88125,11,10,80,70
"724",7007744171,2016-04-27,18.1798611111111,11,10,76,66
"725",7007744171,2016-04-28,18.2194444444444,10,10,90,80
"726",7007744171,2016-04-29,20.4305555555556,11,10,86,76
"727",7007744171,2016-04-30,13.175,10,10,52,42
"728",7007744171,2016-05-01,14.2958333333333,10,10,60,50
"729",7007744171,2016-05-02,16.9694444444444,10,10,84,74
"730",7007744171,2016-05-03,19.1166666666667,11,10,72,62
"731",7007744171,2016-05-04,10.0034722222222,10,10,11,1
"732",7007744171,2016-05-05,18.8423611111111,10,10,74,64
"733",7007744171,2016-05-06,16.4020833333333,10,10,106,96
"734",7007744171,2016-05-07,10,10,10,10,0
"735",7086361926,2016-04-12,17.0111111111111,10,10,117,107
"736",7086361926,2016-04-13,15.4409722222222,10,10,86,76
"737",7086361926,2016-04-14,16.7361111111111,10,10,111,101
"738",7086361926,2016-04-15,14.6986111111111,10,10,86,76
"739",7086361926,2016-04-16,10.0340277777778,10,10,26,16
"740",7086361926,2016-04-17,10,10,10,10,0
"741",7086361926,2016-04-18,16.8361111111111,10,10,111,101
"742",7086361926,2016-04-19,18.0673611111111,10,10,121,111
"743",7086361926,2016-04-20,18.3895833333333,11,10,119,109
"744",7086361926,2016-04-21,15.1173611111111,10,10,74,64
"745",7086361926,2016-04-22,17.4506944444444,10,10,121,111
"746",7086361926,2016-04-23,12.0493055555556,10,10,72,62
"747",7086361926,2016-04-24,12.5743055555556,10,10,70,60
"748",7086361926,2016-04-25,16.8888888888889,10,10,123,113
"749",7086361926,2016-04-26,17.0590277777778,10,10,117,107
"750",7086361926,2016-04-27,16.525,10,10,117,107
"751",7086361926,2016-04-28,17.5513888888889,10,10,113,103
"752",7086361926,2016-04-29,16.0430555555556,10,0,84,84
"753",7086361926,2016-04-30,18.3833333333333,12,10,117,107
"754",7086361926,2016-05-01,16.7486111111111,10,10,82,72
"755",7086361926,2016-05-02,16.9006944444444,10,10,123,113
"756",7086361926,2016-05-03,16.8993055555556,10,10,115,105
"757",7086361926,2016-05-04,16.2930555555556,10,10,121,111
"758",7086361926,2016-05-05,14.6006944444444,10,10,120,110
"759",7086361926,2016-05-06,17.9402777777778,10,0,125,125
"760",7086361926,2016-05-07,16.8104166666667,11,10,82,72
"761",7086361926,2016-05-08,15.5513888888889,10,10,82,72
"762",7086361926,2016-05-09,18.1569444444444,10,10,115,105
"763",7086361926,2016-05-10,17.1527777777778,10,10,123,113
"764",7086361926,2016-05-11,16.7847222222222,10,10,127,117
"765",7086361926,2016-05-12,11.2717948717949,10,10,62,52
"766",8053475328,2016-04-12,18.1722222222222,10,10,105,95
"767",8053475328,2016-04-13,17.9138888888889,10,10,103,93
"768",8053475328,2016-04-14,19.4354166666667,10,10,103,93
"769",8053475328,2016-04-15,19.4534722222222,10,10,103,93
"770",8053475328,2016-04-16,16.3569444444444,10,10,101,91
"771",8053475328,2016-04-17,18.325,10,10,82,72
"772",8053475328,2016-04-18,17.8708333333333,10,10,101,91
"773",8053475328,2016-04-19,17.7638888888889,10,10,103,93
"774",8053475328,2016-04-20,17.3583333333333,10,10,103,93
"775",8053475328,2016-04-21,17.6868055555556,10,10,103,93
"776",8053475328,2016-04-22,15.1444444444444,10,10,101,91
"777",8053475328,2016-04-23,20.275,10,10,101,91
"778",8053475328,2016-04-24,20.4020833333333,10,10,103,93
"779",8053475328,2016-04-25,19.4125,10,10,103,93
"780",8053475328,2016-04-26,16.2263888888889,10,0,103,103
"781",8053475328,2016-04-27,16.2694444444444,10,10,103,93
"782",8053475328,2016-04-28,17.4652777777778,10,10,105,95
"783",8053475328,2016-04-29,15.9395833333333,10,10,103,93
"784",8053475328,2016-04-30,13.7388888888889,10,10,135,125
"785",8053475328,2016-05-01,10.7569444444444,10,10,42,32
"786",8053475328,2016-05-02,11.3729166666667,10,10,42,32
"787",8053475328,2016-05-03,17.29375,10,10,101,91
"788",8053475328,2016-05-04,16.6833333333333,10,10,101,91
"789",8053475328,2016-05-05,16.8743055555556,10,10,101,91
"790",8053475328,2016-05-06,16.3541666666667,10,10,105,95
"791",8053475328,2016-05-07,19.0548611111111,10,10,105,95
"792",8053475328,2016-05-08,20.53125,10,10,103,93
"793",8053475328,2016-05-09,15.8166666666667,10,10,103,93
"794",8053475328,2016-05-10,16.7368055555556,10,10,119,109
"795",8053475328,2016-05-11,16.0666666666667,10,10,105,95
"796",8053475328,2016-05-12,13.5922222222222,10,10,103,93
"797",8253242879,2016-04-12,14.3194444444444,10,10,99,89
"798",8253242879,2016-04-13,13.5548611111111,10,10,111,101
"799",8253242879,2016-04-14,11.9472222222222,10,10,82,72
"800",8253242879,2016-04-15,11.4319444444444,10,10,68,58
"801",8253242879,2016-04-16,13.1756944444444,10,10,70,60
"802",8253242879,2016-04-17,14.7944444444444,10,10,107,97
"803",8253242879,2016-04-18,12.8118055555556,10,10,101,91
"804",8253242879,2016-04-19,12.3527777777778,10,10,62,52
"805",8253242879,2016-04-20,13.5291666666667,10,10,74,64
"806",8253242879,2016-04-21,15.5375,10,10,117,107
"807",8253242879,2016-04-22,11.5652777777778,10,10,46,36
"808",8253242879,2016-04-23,14.9381944444444,10,10,105,95
"809",8253242879,2016-04-24,13.8430555555556,10,10,111,101
"810",8253242879,2016-04-25,13.3722222222222,10,10,64,54
"811",8253242879,2016-04-26,12.7020833333333,10,10,103,93
"812",8253242879,2016-04-27,14.0673611111111,10,10,97,87
"813",8253242879,2016-04-28,11.0694444444444,10,10,70,60
"814",8253242879,2016-04-29,13.0615942028986,10,10,89,79
"815",8378563200,2016-04-12,16.8125,10,10,80,70
"816",8378563200,2016-04-13,18.8666666666667,12,10,80,70
"817",8378563200,2016-04-14,19.2541666666667,12,10,80,70
"818",8378563200,2016-04-15,16.9083333333333,10,10,78,68
"819",8378563200,2016-04-16,15.5541666666667,10,10,82,72
"820",8378563200,2016-04-17,11.8958333333333,10,10,56,46
"821",8378563200,2016-04-18,19.2291666666667,12,10,80,70
"822",8378563200,2016-04-19,18.925,10,10,80,70
"823",8378563200,2016-04-20,17.5138888888889,10,10,80,70
"824",8378563200,2016-04-21,19.5902777777778,10,10,80,70
"825",8378563200,2016-04-22,18.7055555555556,12,10,80,70
"826",8378563200,2016-04-23,13.4527777777778,10,10,74,64
"827",8378563200,2016-04-24,12.6791666666667,10,10,66,56
"828",8378563200,2016-04-25,18.5236111111111,10,10,80,70
"829",8378563200,2016-04-26,17.4055555555556,10,10,76,66
"830",8378563200,2016-04-27,14.1597222222222,10,10,72,62
"831",8378563200,2016-04-28,13.3430555555556,10,10,72,62
"832",8378563200,2016-04-29,13.7958333333333,10,10,78,68
"833",8378563200,2016-04-30,12.3041666666667,10,10,62,52
"834",8378563200,2016-05-01,15.5861111111111,10,10,82,72
"835",8378563200,2016-05-02,16.1458333333333,10,10,80,70
"836",8378563200,2016-05-03,17.5027777777778,11,10,80,70
"837",8378563200,2016-05-04,14.3833333333333,10,10,76,66
"838",8378563200,2016-05-05,17.4986111111111,12,10,80,70
"839",8378563200,2016-05-06,16.8555555555556,12,10,80,70
"840",8378563200,2016-05-07,12.9472222222222,10,10,66,56
"841",8378563200,2016-05-08,12.4222222222222,10,10,54,44
"842",8378563200,2016-05-09,17.2111111111111,10,10,80,70
"843",8378563200,2016-05-10,16.5861111111111,12,10,80,70
"844",8378563200,2016-05-11,17.5194444444444,10,10,80,70
"845",8378563200,2016-05-12,13.7230769230769,10,10,70,60
"846",8583815059,2016-04-12,13.1222222222222,10,10,72,62
"847",8583815059,2016-04-13,13.1423611111111,10,10,62,52
"848",8583815059,2016-04-14,12.09375,10,10,50,40
"849",8583815059,2016-04-15,10.9319444444444,10,10,42,32
"850",8583815059,2016-04-16,10,10,10,10,0
"851",8583815059,2016-04-17,10,10,10,10,0
"852",8583815059,2016-04-18,12.3722222222222,10,10,66,56
"853",8583815059,2016-04-19,13.2145833333333,10,10,70,60
"854",8583815059,2016-04-20,13.1097222222222,10,10,58,48
"855",8583815059,2016-04-21,14.2756944444444,10,10,72,62
"856",8583815059,2016-04-22,14.5791666666667,10,10,66,56
"857",8583815059,2016-04-23,14.9111111111111,10,10,70,60
"858",8583815059,2016-04-24,14.3069444444444,10,10,66,56
"859",8583815059,2016-04-25,12.6152777777778,10,10,74,64
"860",8583815059,2016-04-26,15.31875,10,10,64,54
"861",8583815059,2016-04-27,15.5611111111111,10,10,80,70
"862",8583815059,2016-04-28,13.6527777777778,10,10,62,52
"863",8583815059,2016-04-29,17.3791666666667,10,10,76,66
"864",8583815059,2016-04-30,15.6694444444444,10,10,70,60
"865",8583815059,2016-05-01,12.1944444444444,10,10,70,60
"866",8583815059,2016-05-02,10,10,10,10,0
"867",8583815059,2016-05-03,10,10,10,10,0
"868",8583815059,2016-05-04,10,10,10,10,0
"869",8583815059,2016-05-05,11.0597222222222,10,10,60,50
"870",8583815059,2016-05-06,13.2826388888889,10,10,68,58
"871",8583815059,2016-05-07,13.9173611111111,10,10,70,60
"872",8583815059,2016-05-08,14.5583333333333,10,10,66,56
"873",8583815059,2016-05-09,14.5576388888889,10,10,80,70
"874",8583815059,2016-05-10,14.0736111111111,10,10,74,64
"875",8583815059,2016-05-11,14.7492424242424,10,10,70,60
"876",8792009665,2016-04-12,12.10625,10,10,66,56
"877",8792009665,2016-04-13,11.4576388888889,10,10,56,46
"878",8792009665,2016-04-14,11.6256944444444,10,10,68,58
"879",8792009665,2016-04-15,11.9006944444444,10,10,46,36
"880",8792009665,2016-04-16,10.19375,10,10,36,26
"881",8792009665,2016-04-17,10,10,10,10,0
"882",8792009665,2016-04-18,10,10,10,10,0
"883",8792009665,2016-04-19,10,10,10,10,0
"884",8792009665,2016-04-20,12.9611111111111,10,10,60,50
"885",8792009665,2016-04-21,10.1888888888889,10,10,48,38
"886",8792009665,2016-04-22,14.3291666666667,10,10,77,67
"887",8792009665,2016-04-23,16.2736111111111,11,10,98,88
"888",8792009665,2016-04-24,10.6590277777778,10,10,62,52
"889",8792009665,2016-04-25,10,10,10,10,0
"890",8792009665,2016-04-26,11.41875,10,10,50,40
"891",8792009665,2016-04-27,12.2361111111111,10,10,65,55
"892",8792009665,2016-04-28,16.4645833333333,11,10,82,72
"893",8792009665,2016-04-29,18.3673611111111,11,10,72,62
"894",8792009665,2016-04-30,17.1548611111111,11,10,78,68
"895",8792009665,2016-05-01,11.6229166666667,10,10,61,51
"896",8792009665,2016-05-02,11.9256944444444,10,10,62,52
"897",8792009665,2016-05-03,13.6069444444444,10,10,65,55
"898",8792009665,2016-05-04,12.2416666666667,10,10,60,50
"899",8792009665,2016-05-05,10.0006944444444,10,10,11,1
"900",8792009665,2016-05-06,10,10,10,10,0
"901",8792009665,2016-05-07,10,10,10,10,0
"902",8792009665,2016-05-08,10,10,10,10,0
"903",8792009665,2016-05-09,10,10,10,10,0
"904",8877689391,2016-04-12,22.2291666666667,11,10,125,115
"905",8877689391,2016-04-13,20.3243055555556,11,10,111,101
"906",8877689391,2016-04-14,21.6354166666667,11,10,135,125
"907",8877689391,2016-04-15,22.3729166666667,12,10,118,108
"908",8877689391,2016-04-16,25.7756944444444,13,10,135,125
"909",8877689391,2016-04-17,20.1104166666667,10,10,114,104
"910",8877689391,2016-04-18,15.6444444444444,10,10,96,86
"911",8877689391,2016-04-19,20.8729166666667,11,10,141,131
"912",8877689391,2016-04-20,20.9333333333333,11,10,137,127
"913",8877689391,2016-04-21,20.9034722222222,12,10,135,125
"914",8877689391,2016-04-22,19.4951388888889,11,10,125,115
"915",8877689391,2016-04-23,22.0895833333333,12,10,119,109
"916",8877689391,2016-04-24,19.6125,11,10,135,125
"917",8877689391,2016-04-25,21.5909722222222,11,10,134,124
"918",8877689391,2016-04-26,16.2479166666667,11,10,94,84
"919",8877689391,2016-04-27,21.6166666666667,11,10,129,119
"920",8877689391,2016-04-28,17.40625,10,10,116,106
"921",8877689391,2016-04-29,15.3611111111111,11,10,88,78
"922",8877689391,2016-04-30,24.9534722222222,12,10,137,127
"923",8877689391,2016-05-01,15.8236111111111,10,10,100,90
"924",8877689391,2016-05-02,12.4173611111111,10,10,94,84
"925",8877689391,2016-05-03,16.0340277777778,10,10,102,92
"926",8877689391,2016-05-04,19.8451388888889,12,10,133,123
"927",8877689391,2016-05-05,17.41875,11,10,96,86
"928",8877689391,2016-05-06,22.8027777777778,11,10,137,127
"929",8877689391,2016-05-07,23.5125,12,10,117,107
"930",8877689391,2016-05-08,16.1597222222222,10,10,88,78
"931",8877689391,2016-05-09,21.0069444444444,11,10,139,129
"932",8877689391,2016-05-10,16.0666666666667,10,10,98,88
"933",8877689391,2016-05-11,21.7541666666667,11,10,141,131
"934",8877689391,2016-05-12,16.277380952381,10,10,88,78
